time_step,firing_count,avg_weight
0,30,0.060000
1,42,0.060045
2,38,0.060023
3,35,0.060012
4,41,0.060056
5,39,0.060034
6,36,0.060018
7,44,0.060078
8,40,0.060052
9,37,0.060029
